Date,Status,TT,AN,AP,AR,AS,BR,CH,CT,DN,DD,DL,GA,GJ,HR,HP,JK,JH,KA,KL,LA,LD,MP,MH,MN,ML,MZ,NL,OR,PY,PB,RJ,SK,TN,TG,TR,UP,UT,WB,UN
14-Mar-20,Confirmed,81,0,1,0,0,0,0,0,0,0,7,0,0,14,0,2,0,6,19,0,0,0,14,0,0,0,0,0,0,1,3,0,1,1,0,12,0,0,0
14-Mar-20,Recovered,9,0,0,0,0,0,0,0,0,0,1,0,0,0,0,0,0,0,3,0,0,0,0,0,0,0,0,0,0,0,1,0,0,0,0,4,0,0,0
14-Mar-20,Deceased,2,0,0,0,0,0,0,0,0,0,1,0,0,0,0,0,0,1,0,0,0,0,0,0,0,0,0,0,0,0,0,0,0,0,0,0,0,0,0
15-Mar-20,Confirmed,27,0,0,0,0,0,0,0,0,0,0,0,0,0,0,0,0,0,5,0,0,0,18,0,0,0,0,0,0,0,1,0,0,2,0,1,0,0,0
15-Mar-20,Recovered,4,0,0,0,0,0,0,0,0,0,1,0,0,0,0,0,0,0,0,0,0,0,0,0,0,0,0,0,0,0,2,0,0,1,0,0,0,0,0
15-Mar-20,Deceased,0,0,0,0,0,0,0,0,0,0,0,0,0,0,0,0,0,0,0,0,0,0,0,0,0,0,0,0,0,0,0,0,0,0,0,0,0,0,0
16-Mar-20,Confirmed,15,0,0,0,0,0,0,0,0,0,0,0,0,0,0,1,0,1,3,0,0,0,6,0,0,0,0,1,1,0,0,0,0,1,0,0,1,0,0
16-Mar-20,Recovered,1,0,0,0,0,0,0,0,0,0,0,0,0,0,0,0,0,0,0,0,0,0,0,0,0,0,0,0,0,0,0,0,1,0,0,0,0,0,0
16-Mar-20,Deceased,0,0,0,0,0,0,0,0,0,0,0,0,0,0,0,0,0,0,0,0,0,0,0,0,0,0,0,0,0,0,0,0,0,0,0,0,0,0,0
17-Mar-20,Confirmed,11,0,0,0,0,0,0,0,0,0,1,0,0,1,0,0,0,2,0,0,0,0,3,0,0,0,0,0,0,0,0,0,0,1,0,2,0,1,0
17-Mar-20,Recovered,1,0,0,0,0,0,0,0,0,0,0,0,0,0,0,0,0,0,0,0,0,0,0,0,0,0,0,0,0,0,0,0,0,0,0,1,0,0,0
17-Mar-20,Deceased,1,0,0,0,0,0,0,0,0,0,0,0,0,0,0,0,0,0,0,0,0,0,1,0,0,0,0,0,0,0,0,0,0,0,0,0,0,0,0
18-Mar-20,Confirmed,37,0,0,0,0,0,0,0,0,0,2,0,0,1,0,1,0,5,0,8,0,0,3,0,0,0,0,1,0,1,3,0,1,8,0,2,1,0,0
18-Mar-20,Recovered,0,0,0,0,0,0,0,0,0,0,0,0,0,0,0,0,0,0,0,0,0,0,0,0,0,0,0,0,0,0,0,0,0,0,0,0,0,0,0
18-Mar-20,Deceased,0,0,0,0,0,0,0,0,0,0,0,0,0,0,0,0,0,0,0,0,0,0,0,0,0,0,0,0,0,0,0,0,0,0,0,0,0,0,0
19-Mar-20,Confirmed,27,0,2,0,0,0,1,1,0,0,4,0,2,1,0,0,0,1,1,0,0,0,4,0,0,0,0,0,0,0,2,0,1,3,0,3,1,0,0
19-Mar-20,Recovered,5,0,0,0,0,0,0,0,0,0,1,0,0,0,0,0,0,0,0,0,0,0,0,0,0,0,0,0,0,0,0,0,0,0,0,4,0,0,0
19-Mar-20,Deceased,1,0,0,0,0,0,0,0,0,0,0,0,0,0,0,0,0,0,0,0,0,0,0,0,0,0,0,0,0,1,0,0,0,0,0,0,0,0,0
20-Mar-20,Confirmed,58,0,0,0,0,0,4,0,0,0,6,0,5,2,2,0,0,0,12,2,0,4,4,0,0,0,0,0,0,1,8,0,0,3,0,4,0,1,0
20-Mar-20,Recovered,3,0,0,0,0,0,0,0,0,0,2,0,0,0,0,0,0,1,0,0,0,0,0,0,0,0,0,0,0,0,0,0,0,0,0,0,0,0,0
20-Mar-20,Deceased,0,0,0,0,0,0,0,0,0,0,0,0,0,0,0,0,0,0,0,0,0,0,0,0,0,0,0,0,0,0,0,0,0,0,0,0,0,0,0
21-Mar-20,Confirmed,78,0,2,0,0,0,0,0,0,0,7,0,7,2,0,0,0,5,12,3,0,0,12,0,0,0,0,0,0,10,7,0,3,2,0,4,0,2,0
21-Mar-20,Recovered,0,0,0,0,0,0,0,0,0,0,0,0,0,0,0,0,0,0,0,0,0,0,0,0,0,0,0,0,0,0,0,0,0,0,0,0,0,0,0
21-Mar-20,Deceased,0,0,0,0,0,0,0,0,0,0,0,0,0,0,0,0,0,0,0,0,0,0,0,0,0,0,0,0,0,0,0,0,0,0,0,0,0,0,0
22-Mar-20,Confirmed,67,0,1,0,0,2,1,0,0,0,0,0,4,0,0,0,0,6,15,0,0,2,10,0,0,0,0,0,0,8,4,0,3,6,0,2,0,3,0
22-Mar-20,Recovered,0,0,0,0,0,0,0,0,0,0,0,0,0,0,0,0,0,0,0,0,0,0,0,0,0,0,0,0,0,0,0,0,0,0,0,0,0,0,0
22-Mar-20,Deceased,3,0,0,0,0,1,0,0,0,0,0,0,1,0,0,0,0,0,0,0,0,0,1,0,0,0,0,0,0,0,0,0,0,0,0,0,0,0,0
23-Mar-20,Confirmed,102,0,1,0,0,1,1,0,0,0,3,0,12,7,1,0,0,7,28,0,0,0,23,0,0,0,0,0,0,2,4,0,3,6,0,2,1,0,0
23-Mar-20,Recovered,12,0,0,0,0,0,0,0,0,0,0,0,0,11,0,0,0,1,0,0,0,0,0,0,0,0,0,0,0,0,0,0,0,0,0,0,0,0,0
23-Mar-20,Deceased,2,0,0,0,0,0,0,0,0,0,0,0,0,0,1,0,0,0,0,0,0,0,0,0,0,0,0,0,0,0,0,0,0,0,0,0,0,1,0
24-Mar-20,Confirmed,64,0,1,0,0,0,0,0,0,0,0,0,4,2,0,2,0,8,14,0,0,1,10,1,0,0,0,0,0,6,0,0,6,4,0,3,0,2,0
24-Mar-20,Recovered,5,0,0,0,0,0,0,0,0,0,1,0,0,0,0,0,0,1,1,0,0,0,0,0,0,0,0,0,0,0,0,0,0,0,0,2,0,0,0
24-Mar-20,Deceased,1,0,0,0,0,0,0,0,0,0,0,0,0,0,0,0,0,0,0,0,0,0,0,0,0,0,0,0,0,0,0,0,1,0,0,0,0,0,0
25-Mar-20,Confirmed,90,0,2,0,0,1,0,2,0,0,5,3,4,1,0,5,0,10,9,0,0,8,15,0,0,1,0,0,0,2,6,0,8,4,0,3,1,0,0
25-Mar-20,Recovered,3,0,1,0,0,0,0,0,0,0,0,0,0,0,0,1,0,0,0,0,0,0,1,0,0,0,0,0,0,0,0,0,0,0,0,0,0,0,0
25-Mar-20,Deceased,1,0,0,0,0,0,0,0,0,0,0,0,0,0,0,0,0,0,0,0,0,1,0,0,0,0,0,0,0,0,0,0,0,0,0,0,0,0,0
26-Mar-20,Confirmed,65,1,1,0,0,3,0,3,0,0,1,0,5,1,0,3,0,4,19,0,0,5,3,0,0,0,0,1,0,2,2,0,3,3,0,4,0,1,0
26-Mar-20,Recovered,7,0,0,0,0,0,0,0,0,0,0,0,0,0,0,0,0,0,7,0,0,0,0,0,0,0,0,0,0,0,0,0,0,0,0,0,0,0,0
26-Mar-20,Deceased,5,0,0,0,0,0,0,0,0,0,0,0,2,0,0,1,0,1,0,0,0,0,1,0,0,0,0,0,0,0,0,0,0,0,0,0,0,0,0
27-Mar-20,Confirmed,164,5,2,0,0,2,1,0,0,0,4,0,4,1,0,6,0,9,39,0,0,9,31,0,0,0,0,0,0,5,10,0,9,15,0,7,0,5,0
27-Mar-20,Recovered,26,0,0,0,0,0,0,0,0,0,0,0,0,0,1,0,0,2,0,3,0,0,18,0,0,0,0,0,0,1,0,0,1,0,0,0,0,0,0
27-Mar-20,Deceased,3,0,0,0,0,0,0,0,0,0,0,0,0,0,0,0,0,1,0,0,0,1,1,0,0,0,0,0,0,0,0,0,0,0,0,0,0,0,0
28-Mar-20,Confirmed,143,3,6,0,0,2,0,1,0,0,9,0,8,2,0,13,0,17,6,0,0,10,30,0,0,0,0,0,0,0,4,0,4,8,0,16,1,3,0
28-Mar-20,Recovered,9,0,0,0,0,0,0,0,0,0,0,0,0,0,1,0,0,0,1,0,0,0,6,0,0,0,0,0,0,0,0,0,0,0,0,0,1,0,0
28-Mar-20,Deceased,5,0,0,0,0,0,0,0,0,0,0,0,1,0,0,0,0,0,1,0,0,0,2,0,0,0,0,0,0,0,0,0,0,1,0,0,0,0,0
29-Mar-20,Confirmed,110,0,2,0,0,4,0,0,0,0,23,2,8,0,0,5,0,2,20,0,0,0,17,0,0,0,0,0,0,0,5,0,8,3,0,7,1,3,0
29-Mar-20,Recovered,5,0,0,0,0,0,0,0,0,0,0,0,1,0,0,0,0,0,4,0,0,0,0,0,0,0,0,0,0,0,0,0,0,0,0,0,0,0,0
29-Mar-20,Deceased,3,0,0,0,0,0,0,0,0,0,1,0,1,0,0,0,0,0,0,0,0,0,1,0,0,0,0,0,0,0,0,0,0,0,0,0,0,0,0
30-Mar-20,Confirmed,187,1,2,0,0,0,5,1,0,0,25,0,7,1,0,11,0,5,32,0,0,8,17,0,0,0,0,0,0,3,20,0,17,7,0,24,0,1,0
30-Mar-20,Recovered,49,0,0,0,0,0,0,0,0,0,0,0,2,6,0,0,0,1,4,0,0,0,14,0,0,0,0,0,0,0,0,0,2,13,0,6,1,0,0
30-Mar-20,Deceased,13,0,0,0,0,0,0,0,0,0,0,0,1,0,0,0,0,0,0,0,0,2,2,0,0,0,0,0,0,2,0,0,0,5,0,0,0,1,0
31-Mar-20,Confirmed,309,0,21,0,1,6,2,1,0,0,23,0,4,7,0,6,1,13,7,0,0,19,82,0,0,0,0,1,0,1,14,0,57,20,0,8,0,15,0
31-Mar-20,Recovered,15,0,0,0,0,0,0,2,0,0,0,0,2,0,0,0,0,2,4,0,0,0,0,0,0,0,0,0,0,0,0,0,2,0,0,0,0,3,0
31-Mar-20,Deceased,6,0,0,0,0,0,0,0,0,0,0,0,0,0,0,1,0,0,1,0,0,1,1,0,0,0,0,0,0,1,0,0,0,0,0,0,0,1,0
01-Apr-20,Confirmed,424,0,67,0,15,3,2,0,0,0,32,0,13,0,0,7,0,9,24,0,0,32,33,0,0,0,0,1,2,4,27,0,110,30,0,13,0,0,0
01-Apr-20,Recovered,16,0,1,0,0,0,0,0,0,0,0,0,0,10,0,1,0,1,2,0,0,0,0,0,0,0,0,1,0,0,0,0,0,0,0,0,0,0,0
01-Apr-20,Deceased,9,0,0,0,0,0,0,0,0,0,0,0,0,0,0,0,0,0,0,0,0,1,3,0,0,0,0,0,0,0,0,0,0,3,0,2,0,0,0
02-Apr-20,Confirmed,486,0,38,1,0,5,1,0,0,0,141,0,1,6,3,8,1,14,21,0,0,9,88,1,0,0,0,0,2,1,13,0,75,27,0,11,3,16,0
02-Apr-20,Recovered,22,0,0,0,0,3,0,1,0,0,2,0,5,0,0,1,0,2,2,0,0,0,3,0,0,0,0,0,0,0,0,0,0,3,0,0,0,0,0
02-Apr-20,Deceased,14,0,0,0,0,0,0,0,0,0,2,0,1,0,0,0,0,0,0,0,0,2,8,0,0,0,0,0,0,1,0,0,0,0,0,0,0,0,0
03-Apr-20,Confirmed,560,0,15,0,7,2,0,0,0,0,93,1,7,9,0,5,0,4,9,1,0,47,64,0,0,0,0,15,0,6,46,0,102,75,0,46,6,0,0
03-Apr-20,Recovered,38,0,0,0,0,0,0,0,0,0,0,0,0,0,0,0,0,0,14,0,0,0,8,0,0,0,0,1,0,0,0,0,0,15,0,0,0,0,0
03-Apr-20,Deceased,14,0,1,0,0,0,0,0,0,0,2,0,2,0,1,0,0,1,0,0,0,0,5,0,0,0,0,0,0,0,0,0,0,2,0,0,0,0,0
04-Apr-20,Confirmed,579,0,28,0,3,1,0,1,0,0,59,1,13,26,7,17,0,16,11,0,0,25,148,0,0,0,0,1,0,12,27,0,74,43,0,60,6,0,0
04-Apr-20,Recovered,56,0,0,0,0,0,3,0,0,0,8,0,3,1,0,0,0,0,8,0,0,0,2,0,0,0,0,0,0,2,22,0,2,1,0,4,0,0,0
04-Apr-20,Deceased,13,0,0,0,0,0,0,0,0,0,0,0,1,0,0,0,0,0,0,0,0,3,6,0,0,0,0,0,0,0,1,0,2,0,0,0,0,0,0
05-Apr-20,Confirmed,609,0,64,0,0,0,0,0,0,0,58,0,20,6,1,14,1,7,8,0,0,14,112,0,0,0,0,18,0,3,60,0,86,62,0,44,4,27,0
05-Apr-20,Recovered,43,0,3,0,0,0,2,5,0,0,0,0,8,0,0,1,0,1,6,0,0,3,4,0,0,0,0,0,0,1,0,0,0,0,0,0,2,7,0
05-Apr-20,Deceased,22,0,0,0,0,0,0,0,0,0,1,0,1,0,0,0,0,0,0,0,0,2,13,0,0,0,0,0,0,2,0,0,2,0,0,1,0,0,0
06-Apr-20,Confirmed,484,0,47,0,0,0,0,0,0,0,22,0,18,20,4,3,1,12,13,0,0,63,121,0,0,0,0,1,0,11,35,0,50,30,1,27,5,0,0
06-Apr-20,Recovered,65,0,0,0,0,6,0,0,0,0,0,0,1,0,0,0,0,8,3,7,0,8,14,1,0,0,0,0,0,0,0,0,5,12,0,0,0,0,0
06-Apr-20,Deceased,16,0,2,0,0,0,0,0,0,0,0,0,1,2,0,0,0,0,0,0,0,2,7,0,0,0,0,0,0,0,1,0,1,0,0,0,0,0,0
07-Apr-20,Confirmed,572,0,11,0,2,6,0,0,0,0,51,0,29,33,9,16,0,12,9,0,0,34,150,0,0,0,0,2,0,20,42,0,69,40,0,27,0,11,0
07-Apr-20,Recovered,75,0,0,0,0,6,2,1,0,0,4,0,3,2,1,0,0,5,12,0,0,10,9,0,0,0,0,0,1,10,0,0,6,0,0,0,0,3,0
07-Apr-20,Deceased,27,0,1,0,0,0,0,0,0,0,2,0,2,0,0,1,0,0,0,0,0,6,12,0,0,0,0,1,0,1,0,0,1,0,0,0,0,0,0
08-Apr-20,Confirmed,565,1,34,0,0,1,0,0,0,0,93,0,11,24,0,33,0,6,9,0,0,51,117,0,0,0,0,0,0,7,40,0,48,49,0,29,4,8,0
08-Apr-20,Recovered,96,0,1,0,0,0,0,0,0,0,1,0,0,1,0,2,0,3,13,0,0,4,38,0,0,0,0,0,0,0,20,0,2,0,0,10,1,0,0
08-Apr-20,Deceased,20,0,0,0,0,0,0,0,0,0,0,0,2,0,0,0,0,1,0,0,0,3,8,0,0,0,0,0,0,1,1,0,1,0,0,1,0,2,0
09-Apr-20,Confirmed,813,0,15,0,1,19,0,8,0,0,51,0,76,3,1,26,9,16,12,0,0,70,229,0,0,0,0,6,0,24,80,0,96,18,0,49,0,4,0
09-Apr-20,Recovered,70,10,4,0,0,0,0,0,0,0,4,0,1,0,0,0,0,2,13,0,0,0,8,0,0,0,0,0,0,4,15,0,6,0,0,0,0,3,0
09-Apr-20,Deceased,46,0,2,0,0,0,0,0,0,0,3,0,2,0,0,1,1,1,0,0,0,9,25,0,0,0,0,0,0,1,0,0,0,1,0,0,0,0,0
10-Apr-20,Confirmed,871,0,18,0,0,2,1,0,0,0,183,0,116,6,0,23,1,10,7,1,0,40,210,0,0,0,0,2,2,21,98,0,77,16,1,23,0,13,0
10-Apr-20,Recovered,151,0,0,0,0,0,0,0,0,0,2,1,7,4,0,0,0,4,27,1,0,12,63,0,0,0,0,10,0,2,0,0,17,0,0,1,0,0,0
10-Apr-20,Deceased,22,0,0,0,1,0,0,0,0,0,2,0,1,0,0,0,0,0,0,0,0,4,12,0,0,0,0,0,0,1,0,0,1,0,0,0,0,0,0
11-Apr-20,Confirmed,854,0,24,0,0,4,0,7,0,0,166,0,90,3,4,17,3,8,10,0,0,78,187,0,0,0,0,4,0,7,139,0,58,16,0,19,0,10,0
11-Apr-20,Recovered,186,0,0,0,0,0,0,0,0,0,0,4,11,0,6,0,0,5,19,0,0,1,20,0,0,0,0,0,0,0,56,0,0,51,0,13,0,0,0
11-Apr-20,Deceased,40,0,0,0,0,0,0,0,0,0,5,0,3,0,0,0,0,0,1,0,0,4,17,0,0,0,0,0,0,1,6,0,1,2,0,1,0,0,0
12-Apr-20,Confirmed,758,0,15,0,1,0,2,6,0,0,85,0,48,16,0,21,2,17,2,0,0,33,221,0,0,0,0,0,0,12,104,0,106,28,0,31,0,8,0
12-Apr-20,Recovered,114,0,2,0,0,11,0,1,0,0,1,0,0,8,4,0,0,15,36,0,0,3,9,0,0,0,0,0,0,3,5,0,6,7,0,0,0,3,0
12-Apr-20,Deceased,42,0,1,0,0,0,0,0,0,0,5,0,2,1,0,0,1,0,0,0,0,3,22,0,0,0,0,0,0,0,2,0,1,2,0,0,0,2,0
13-Apr-20,Confirmed,1243,0,19,0,2,2,0,0,0,0,356,0,56,1,0,25,5,15,3,2,0,52,352,0,1,0,0,1,0,6,93,0,98,61,0,75,0,18,0
13-Apr-20,Recovered,112,0,0,0,0,2,0,0,0,0,3,0,10,7,0,10,0,6,19,1,0,10,12,0,0,0,0,6,0,2,0,0,8,0,0,4,2,10,0
13-Apr-20,Deceased,27,0,0,0,0,0,0,0,0,0,4,0,2,0,0,0,0,2,0,0,0,7,11,0,0,0,0,0,0,0,0,0,0,1,0,0,0,0,0
14-Apr-20,Confirmed,1031,0,45,0,1,0,0,2,0,0,51,0,78,2,1,8,3,13,8,0,0,127,346,0,0,0,0,5,0,8,108,0,31,52,0,102,2,38,0
14-Apr-20,Recovered,167,0,4,0,0,1,0,3,0,0,0,0,5,4,1,14,0,11,13,0,0,13,30,0,0,0,0,0,0,2,26,0,23,7,0,1,2,7,0
14-Apr-20,Deceased,37,0,4,0,0,0,0,0,0,0,2,0,2,0,0,0,0,2,0,0,0,3,18,0,0,0,0,0,0,1,0,0,1,1,0,3,0,0,0
15-Apr-20,Confirmed,886,0,41,0,0,6,0,0,0,0,17,0,116,6,2,22,1,19,1,1,0,197,236,0,6,0,0,0,0,2,71,0,38,6,0,75,0,23,0
15-Apr-20,Recovered,144,0,4,1,2,0,2,4,0,0,10,1,5,2,0,6,0,9,7,0,0,0,36,0,0,0,0,1,0,0,0,0,37,8,1,7,0,1,0
15-Apr-20,Deceased,27,0,3,0,0,0,0,0,0,0,2,0,5,0,0,0,0,2,0,0,0,0,9,0,1,0,0,0,0,0,0,0,2,0,0,3,0,0,0
16-Apr-20,Confirmed,1061,0,9,0,2,11,0,3,0,0,62,0,163,11,0,14,1,36,7,0,0,226,285,0,2,0,0,0,0,11,55,0,25,50,0,70,0,18,0
16-Apr-20,Recovered,258,1,0,0,3,8,0,6,0,0,11,0,9,8,3,2,0,2,27,2,0,6,5,0,0,0,0,0,0,2,17,0,62,68,0,11,0,5,0
16-Apr-20,Deceased,26,0,0,0,0,0,0,0,0,0,6,0,3,0,0,0,0,1,0,0,0,2,7,0,0,0,0,0,0,1,0,0,1,0,0,2,0,3,0
17-Apr-20,Confirmed,922,1,38,0,0,2,0,0,0,0,67,0,170,8,3,14,3,44,1,0,0,146,120,0,0,0,0,0,0,14,98,0,56,66,0,44,3,24,0
17-Apr-20,Recovered,273,0,15,0,4,0,0,1,0,0,20,0,13,21,0,4,0,6,10,0,0,0,31,0,0,0,0,2,0,1,19,0,103,0,0,14,0,9,0
17-Apr-20,Deceased,38,0,0,0,0,0,0,0,0,0,4,0,5,0,0,1,0,0,0,0,0,14,7,0,0,0,0,0,0,0,6,0,0,0,0,1,0,0,0
18-Apr-20,Confirmed,1371,2,31,0,0,1,2,0,0,0,186,0,277,9,1,13,1,25,4,0,0,92,327,0,2,0,0,1,0,23,122,0,49,43,0,126,2,32,0
18-Apr-20,Recovered,426,0,7,0,3,5,0,1,0,0,135,0,7,14,0,9,0,16,2,0,0,57,34,0,0,0,0,3,3,1,17,0,82,0,0,26,0,4,0
18-Apr-20,Deceased,35,0,2,0,0,1,0,0,0,0,1,0,12,0,0,0,0,1,0,0,0,0,10,0,0,0,0,0,0,2,4,0,0,0,0,0,0,2,0
19-Apr-20,Confirmed,1580,1,44,0,0,10,3,0,0,0,110,0,367,18,0,13,8,6,2,0,0,5,552,0,0,0,0,0,0,10,127,0,105,49,0,125,2,23,0
19-Apr-20,Recovered,388,0,23,0,5,0,4,0,0,0,83,1,12,4,0,5,0,7,13,0,0,4,142,0,0,0,0,0,0,6,5,0,46,0,0,19,2,7,0
19-Apr-20,Deceased,38,0,1,0,0,0,0,0,0,0,2,0,10,0,0,0,0,2,0,0,0,3,12,0,0,0,0,0,0,0,2,0,0,3,0,3,0,0,0
20-Apr-20,Confirmed,1239,1,75,0,0,17,0,0,0,0,78,0,196,1,0,14,5,18,6,0,0,78,466,0,0,0,0,13,0,1,98,0,43,14,0,84,2,29,0
20-Apr-20,Recovered,419,0,27,0,2,0,1,0,0,0,141,0,26,37,0,15,4,1,21,0,0,7,65,1,0,0,0,0,0,1,0,0,46,0,0,13,7,4,0
20-Apr-20,Deceased,33,0,3,0,0,0,0,0,0,0,2,0,8,0,0,0,0,0,0,0,0,4,9,0,0,0,0,0,0,0,2,0,2,2,0,1,0,0,0
21-Apr-20,Confirmed,1537,1,35,0,0,13,1,0,0,0,75,0,239,4,0,12,0,10,19,0,0,67,552,0,1,0,0,5,0,6,159,0,76,56,0,153,0,53,0
21-Apr-20,Recovered,703,0,4,0,0,0,0,0,0,0,180,0,8,6,0,10,0,17,16,0,0,10,150,0,0,0,0,6,0,11,69,0,178,8,0,22,1,7,0
21-Apr-20,Deceased,53,0,2,0,0,0,0,0,0,0,0,0,19,0,0,0,0,1,0,0,0,4,19,0,0,0,0,0,0,0,1,0,1,0,0,3,0,3,0
22-Apr-20,Confirmed,1292,1,56,0,0,17,0,0,0,0,92,0,229,9,0,27,0,9,11,0,0,35,431,0,0,0,0,4,0,27,153,0,33,15,0,112,0,31,0
22-Apr-20,Recovered,394,0,24,0,0,0,0,3,0,0,113,0,40,11,0,11,0,2,1,0,0,4,67,0,0,0,0,2,0,4,70,0,27,0,0,11,4,0,0
22-Apr-20,Deceased,36,0,2,0,0,0,0,0,0,0,1,0,13,0,0,0,0,0,0,0,0,0,18,0,0,0,0,0,0,0,1,0,0,1,0,0,0,0,0
23-Apr-20,Confirmed,1667,4,80,0,1,27,0,0,0,0,128,0,217,6,1,27,7,18,10,0,0,100,778,0,0,0,0,6,0,5,76,0,54,27,0,61,1,33,0
23-Apr-20,Recovered,642,0,21,0,0,2,0,2,0,0,84,0,79,12,2,0,4,14,8,2,0,51,51,0,0,0,0,1,0,13,107,0,90,58,1,33,1,6,0
23-Apr-20,Deceased,40,0,3,0,0,0,0,0,0,0,2,0,9,0,0,0,1,0,0,0,0,3,14,0,0,0,0,0,0,1,1,0,2,1,0,3,0,0,0
24-Apr-20,Confirmed,1408,7,62,0,0,53,0,0,0,0,138,0,191,5,0,20,6,29,3,0,0,159,390,0,0,0,0,5,0,15,70,0,72,13,0,111,1,58,0
24-Apr-20,Recovered,484,0,4,0,0,0,1,0,0,0,49,0,7,16,0,17,0,7,15,0,0,7,117,0,0,0,0,0,0,4,42,0,114,39,0,20,1,24,0
24-Apr-20,Deceased,59,0,2,0,0,0,0,0,0,0,3,0,15,0,0,0,0,1,1,0,0,9,18,0,0,0,0,0,0,0,4,0,2,0,0,1,0,3,0
25-Apr-20,Confirmed,1835,4,61,0,0,28,1,1,0,0,111,0,256,12,0,40,8,26,7,2,0,99,811,0,0,0,0,6,1,10,49,0,66,7,0,172,0,57,0
25-Apr-20,Recovered,442,0,26,0,0,1,0,2,0,0,12,0,17,5,4,3,0,6,7,0,0,71,119,0,0,0,0,1,0,2,20,0,94,16,0,35,1,0,0
25-Apr-20,Deceased,44,0,2,0,0,0,0,0,0,0,1,0,6,0,0,1,0,0,0,0,0,7,22,0,0,0,0,0,0,0,2,0,1,0,0,2,0,0,0
26-Apr-20,Confirmed,1607,0,81,0,0,26,8,0,0,0,293,0,230,9,0,29,15,3,11,0,0,145,440,0,0,0,0,3,0,14,102,0,64,11,0,80,3,40,0
26-Apr-20,Recovered,585,0,60,0,8,11,2,0,0,0,8,0,31,8,0,25,5,24,4,0,0,21,112,0,0,0,0,1,0,12,116,0,60,9,0,66,0,2,0
26-Apr-20,Deceased,56,0,0,0,0,0,0,0,0,0,0,0,18,0,0,0,0,1,0,0,0,4,19,0,0,0,0,0,0,1,7,0,1,0,0,3,0,2,0
27-Apr-20,Confirmed,1568,0,80,0,0,69,9,0,0,0,190,0,247,5,0,23,21,9,13,0,0,75,522,0,0,0,0,15,0,8,77,0,52,2,0,113,0,38,0
27-Apr-20,Recovered,580,0,4,0,0,0,0,0,0,0,0,0,81,14,3,27,4,11,13,0,0,55,94,0,0,0,0,2,1,14,115,0,54,16,0,72,0,0,0
27-Apr-20,Deceased,58,0,0,0,0,0,0,0,0,0,0,0,11,0,0,1,0,1,0,0,0,7,27,0,0,0,0,0,0,1,9,0,0,0,0,1,0,0,0
28-Apr-20,Confirmed,1902,0,82,0,2,20,11,1,0,0,206,0,226,7,0,19,2,11,4,2,0,222,728,0,0,0,0,0,0,12,102,0,121,6,0,67,3,48,0
28-Apr-20,Recovered,636,4,23,0,0,8,0,2,0,0,201,0,40,11,0,12,2,14,4,0,0,16,106,0,0,0,0,1,0,3,26,0,54,42,0,63,0,4,0
28-Apr-20,Deceased,69,0,0,0,0,0,0,0,0,0,0,0,19,0,0,1,0,0,0,0,0,10,31,0,0,0,0,0,0,0,2,0,1,0,0,3,0,2,0
29-Apr-20,Confirmed,1705,0,73,0,0,37,12,0,0,0,125,0,308,3,0,16,2,12,10,0,0,173,597,0,0,0,0,7,0,33,76,0,104,7,0,81,1,28,0
29-Apr-20,Recovered,690,0,29,0,2,0,0,0,0,0,14,0,93,1,0,16,0,9,10,1,0,88,205,0,0,0,0,1,0,0,44,0,82,35,0,48,2,10,0
29-Apr-20,Deceased,71,0,0,0,0,0,0,0,0,0,2,0,16,0,0,0,0,1,0,0,0,10,32,0,0,0,0,0,0,0,3,0,2,0,0,5,0,0,0
30-Apr-20,Confirmed,1802,0,71,0,5,22,6,2,0,0,76,0,313,28,0,33,3,30,2,0,0,65,583,0,0,0,0,18,0,105,144,0,161,22,1,77,2,33,0
30-Apr-20,Recovered,630,1,34,0,0,20,1,2,0,0,2,0,86,10,3,24,0,13,14,0,0,21,180,0,0,0,0,2,0,3,79,0,48,33,0,41,8,5,0
30-Apr-20,Deceased,75,0,0,0,0,0,0,0,0,0,3,0,17,1,0,0,0,1,0,0,0,7,27,0,0,0,0,0,0,1,3,0,0,3,0,1,0,11,0
01-May-20,Confirmed,2396,0,60,0,0,41,14,3,0,0,223,0,326,18,0,25,3,24,0,0,0,90,1008,0,0,0,0,11,0,105,82,0,203,6,0,117,0,37,0
01-May-20,Recovered,962,0,82,0,4,14,0,0,0,0,73,0,123,6,2,31,2,22,9,0,0,42,106,0,10,0,0,14,0,4,223,0,54,22,0,103,1,15,0
01-May-20,Deceased,77,0,2,0,0,1,0,0,0,0,2,0,22,0,0,0,0,0,0,0,0,8,26,0,0,0,0,0,0,0,4,0,1,0,0,2,1,8,0
02-May-20,Confirmed,2564,0,62,0,0,15,6,0,0,0,384,0,333,19,0,27,2,12,2,1,0,73,790,0,0,0,0,6,1,187,106,0,231,17,2,159,2,127,0
02-May-20,Recovered,831,10,38,0,0,19,1,0,0,0,89,0,160,1,3,7,1,20,8,0,0,100,121,0,0,0,0,1,0,4,126,0,29,35,0,44,2,12,0
02-May-20,Deceased,92,0,0,0,0,1,0,0,0,0,3,0,26,1,0,0,0,3,0,0,0,6,36,0,0,0,0,0,0,0,6,0,1,1,0,1,0,7,0
03-May-20,Confirmed,2952,0,58,0,0,36,3,14,0,0,427,0,374,66,0,35,0,13,0,19,0,49,678,0,0,0,0,2,0,330,114,0,266,21,12,158,1,276,0
03-May-20,Recovered,911,6,47,0,0,7,0,0,0,0,106,0,146,3,1,33,5,22,1,0,0,174,115,0,0,0,0,4,1,5,114,0,38,46,0,56,0,-19,0
03-May-20,Deceased,140,0,0,0,0,0,1,0,0,0,0,0,28,0,0,0,0,0,0,0,0,5,27,0,0,0,0,0,0,1,3,0,1,0,0,0,0,74,0
04-May-20,Confirmed,3656,0,67,0,0,11,5,1,0,0,349,0,376,75,1,25,0,37,0,0,0,105,1567,0,0,0,0,7,0,130,175,0,527,3,13,121,0,61,0
04-May-20,Recovered,1082,0,36,0,0,3,2,0,0,0,69,0,153,9,0,16,0,28,61,0,0,58,350,0,0,0,0,0,0,11,82,0,30,40,0,48,0,86,0
04-May-20,Deceased,103,0,0,0,0,0,0,0,0,0,0,0,29,1,0,0,0,2,0,0,0,9,35,0,0,0,0,0,0,2,6,0,1,0,0,7,0,11,0
05-May-20,Confirmed,2971,0,67,0,2,7,17,1,1,0,206,0,441,31,1,15,10,22,3,0,0,107,984,0,0,0,0,8,0,219,97,0,508,11,13,114,1,85,0
05-May-20,Recovered,1295,0,65,0,0,31,0,0,0,0,37,0,186,2,0,17,6,10,0,0,0,144,354,0,0,1,0,0,0,5,87,0,76,43,0,185,0,46,0
05-May-20,Deceased,128,0,1,0,0,0,0,0,0,0,0,0,49,0,1,0,0,2,0,0,0,11,34,0,0,0,0,1,0,2,12,0,2,0,0,6,0,7,0
06-May-20,Confirmed,3602,0,60,0,1,7,5,0,0,0,428,0,380,46,1,34,2,20,0,0,0,89,1233,0,0,0,0,28,0,75,159,0,771,11,22,118,0,112,0
06-May-20,Recovered,1161,0,140,0,2,0,0,0,0,0,74,0,119,4,0,2,4,23,7,0,0,99,275,0,0,0,0,1,0,2,214,0,31,20,0,143,0,1,0
06-May-20,Deceased,91,0,2,0,0,0,0,0,0,0,1,0,28,1,0,0,0,0,0,0,0,9,34,0,0,0,0,0,0,2,4,0,2,0,0,4,0,4,0
07-May-20,Confirmed,3344,0,56,0,8,8,11,0,0,0,448,0,388,31,3,18,5,12,0,0,0,114,1216,0,0,0,0,14,0,118,110,0,580,15,24,73,0,92,0
07-May-20,Recovered,1475,1,51,0,0,60,0,0,0,0,389,0,209,0,0,13,4,12,5,0,0,132,207,0,0,0,0,1,0,14,150,0,31,45,0,120,0,31,0
07-May-20,Deceased,104,0,2,0,0,1,0,0,0,0,1,0,29,0,0,1,0,1,0,0,0,8,43,0,0,0,0,0,0,1,6,0,2,0,0,2,0,7,0
08-May-20,Confirmed,3339,0,54,0,6,29,11,0,0,0,338,0,390,22,4,30,22,48,1,0,0,89,1089,0,0,0,0,51,1,87,152,0,600,10,30,143,2,130,0
08-May-20,Recovered,1111,0,62,0,0,49,0,2,0,0,89,0,163,19,0,29,0,10,10,1,0,118,169,0,0,0,0,1,2,3,122,0,58,34,0,137,6,27,0
08-May-20,Deceased,97,0,3,0,1,0,1,0,0,0,2,0,24,1,0,0,0,0,0,0,0,7,37,0,0,0,0,0,0,1,4,0,3,0,0,4,0,9,0
09-May-20,Confirmed,3175,0,43,0,2,32,23,0,0,0,224,0,394,28,2,13,2,41,2,0,0,116,1165,0,1,0,0,82,0,31,129,0,526,31,17,159,4,108,0
09-May-20,Recovered,1414,0,45,0,0,51,3,5,0,0,0,0,219,11,1,4,37,10,1,0,0,131,330,0,0,0,0,5,0,5,151,0,219,24,0,112,1,49,0
09-May-20,Deceased,115,0,3,0,-1,0,0,0,0,0,0,0,23,1,0,0,0,0,0,0,0,11,48,0,0,0,0,1,0,2,3,0,4,1,0,8,0,11,0
10-May-20,Confirmed,4311,0,50,0,1,96,4,0,0,0,381,0,398,28,6,25,1,54,7,0,0,157,1943,0,0,0,0,25,2,61,106,0,669,33,16,94,1,153,0
10-May-20,Recovered,1669,0,38,0,0,36,0,6,0,0,49,0,454,10,0,15,0,36,4,3,0,196,399,0,0,0,0,0,1,9,79,0,135,0,0,154,0,45,0
10-May-20,Deceased,112,0,1,0,0,1,1,0,0,0,5,0,21,1,0,0,0,1,0,0,0,4,53,0,0,0,0,0,0,0,2,0,3,0,0,5,0,14,0
11-May-20,Confirmed,3592,0,38,0,2,42,8,0,0,0,310,0,347,27,1,18,4,14,7,0,0,171,1230,0,0,0,0,38,0,54,174,0,798,79,0,106,0,124,0
11-May-20,Recovered,1579,0,73,0,5,23,4,4,0,0,60,0,235,37,0,44,0,4,0,1,0,71,587,0,0,0,0,17,0,2,83,0,92,50,0,105,0,82,0
11-May-20,Deceased,81,0,0,0,0,0,0,0,0,0,0,0,20,1,0,1,0,0,0,0,0,6,36,0,0,0,0,0,0,0,5,0,6,0,0,1,0,5,0
12-May-20,Confirmed,3562,0,71,0,0,130,6,0,0,0,406,0,362,50,8,55,11,63,5,0,0,201,1026,0,0,0,0,22,0,37,138,0,716,51,2,91,1,110,0
12-May-20,Recovered,1905,0,58,0,0,5,2,1,1,0,383,0,466,5,0,28,1,7,0,0,0,113,339,0,0,0,0,31,0,3,130,0,83,21,0,115,0,113,0
12-May-20,Deceased,120,0,1,0,0,0,0,0,0,0,13,0,24,0,0,0,0,0,0,0,0,4,53,0,0,0,0,0,0,1,4,0,8,2,0,2,0,8,0
13-May-20,Confirmed,3726,0,48,0,15,74,4,0,0,0,359,0,364,13,1,37,5,34,10,1,0,187,1495,0,0,0,0,101,1,10,202,0,509,41,1,94,3,117,0
13-May-20,Recovered,1963,0,86,0,0,18,0,1,0,0,346,0,316,76,0,11,8,18,1,0,0,144,422,0,1,0,0,27,0,29,119,0,41,117,0,92,0,90,0
13-May-20,Deceased,137,0,1,0,0,1,0,0,0,0,20,0,29,0,0,1,0,2,0,0,0,7,54,0,0,0,0,0,0,0,4,0,3,2,0,4,0,9,0
14-May-20,Confirmed,3991,0,68,0,7,46,0,1,0,0,472,8,324,25,6,12,26,28,26,0,0,253,1602,1,0,0,0,134,3,11,206,0,447,47,1,144,6,87,0
14-May-20,Recovered,1594,0,50,0,0,12,7,1,0,0,187,0,191,21,0,19,0,9,3,0,0,167,542,0,0,0,0,15,0,23,65,0,65,13,27,107,4,66,0
14-May-20,Deceased,97,0,1,0,0,0,0,0,0,0,9,0,20,0,0,0,0,2,0,0,0,5,44,0,0,0,0,0,0,0,4,0,2,0,0,2,0,8,0
15-May-20,Confirmed,3808,0,102,0,3,34,0,6,0,0,425,0,340,36,2,30,8,69,16,0,0,169,1576,0,0,0,0,65,0,-3,213,0,434,40,0,155,4,84,0
15-May-20,Recovered,2234,0,60,0,1,28,3,0,0,0,473,0,282,25,0,28,10,20,0,2,0,112,475,0,0,0,0,8,0,82,91,0,359,7,13,93,1,61,0
15-May-20,Deceased,104,0,0,0,0,0,0,0,0,0,8,0,20,2,0,0,0,1,0,0,0,2,49,0,0,0,0,0,0,0,0,0,5,0,0,7,0,10,0
16-May-20,Confirmed,4794,0,48,0,3,145,0,1,0,0,438,5,1057,33,2,108,6,36,11,0,0,195,1606,4,0,0,0,0,1,14,213,0,477,55,11,201,9,115,0
16-May-20,Recovered,4012,0,101,0,0,33,11,2,0,0,408,0,273,50,4,29,16,16,4,0,0,32,524,0,0,0,0,30,0,952,215,0,939,12,22,276,0,63,0
16-May-20,Deceased,120,0,1,0,0,1,0,0,0,0,6,0,19,0,0,1,0,0,0,0,0,4,67,0,0,0,0,0,0,0,1,0,4,0,0,9,0,7,0
17-May-20,Confirmed,5049,0,25,0,8,142,0,18,0,0,422,9,391,23,2,62,6,55,14,0,0,187,2347,0,0,0,0,91,0,18,242,0,639,42,-2,206,1,101,0
17-May-20,Recovered,2538,0,103,0,1,0,0,1,0,0,276,0,191,48,1,33,0,13,0,0,0,88,600,0,0,0,0,24,0,109,111,0,634,21,21,195,1,67,0
17-May-20,Deceased,152,0,1,0,0,0,0,0,0,0,19,0,34,1,0,1,0,1,0,0,0,5,63,0,0,0,0,1,0,3,5,0,4,0,0,8,0,6,0
18-May-20,Confirmed,4628,0,52,0,15,103,5,10,0,0,299,9,366,18,10,106,5,99,29,0,0,259,2005,0,0,0,0,48,0,16,305,0,536,41,0,141,4,147,0
18-May-20,Recovered,2482,0,96,0,0,44,3,0,0,0,283,0,305,36,2,34,14,21,0,19,0,32,749,0,1,0,0,57,0,181,163,0,234,10,4,147,0,47,0
18-May-20,Deceased,131,0,0,0,2,1,0,0,0,0,12,0,35,0,0,2,0,0,0,0,0,4,51,0,0,0,0,0,0,2,7,0,3,0,0,6,0,6,0
19-May-20,Confirmed,6154,0,57,0,42,96,3,5,0,0,500,8,395,36,2,28,20,149,12,0,0,229,2078,2,0,0,0,102,5,22,338,0,688,42,8,321,15,137,814
19-May-20,Recovered,3032,0,69,0,0,0,3,0,0,0,265,0,239,29,5,38,0,13,0,0,0,196,1202,0,0,0,0,30,1,95,119,0,489,9,27,135,0,68,0
19-May-20,Deceased,146,0,2,0,0,0,0,0,0,0,6,0,25,0,1,2,0,3,0,0,0,6,76,0,0,0,0,1,0,1,5,0,3,4,0,5,0,6,0
20-May-20,Confirmed,5720,0,71,0,31,257,3,14,0,0,534,4,398,29,18,73,42,67,24,1,0,270,2161,16,1,0,0,74,1,3,170,0,743,27,0,249,15,142,282
20-May-20,Recovered,3113,0,43,0,7,54,79,0,0,0,442,0,176,21,3,31,2,13,5,0,0,103,679,0,0,0,0,36,0,152,67,0,987,2,0,148,1,62,0
20-May-20,Deceased,134,0,1,0,0,0,0,0,0,0,10,0,30,0,0,1,0,1,0,0,0,9,65,0,0,0,0,1,0,0,4,0,3,2,0,4,0,3,0
21-May-20,Confirmed,6023,0,45,0,22,211,16,14,0,0,571,2,371,37,42,59,13,143,24,0,0,246,2345,0,0,0,0,51,0,23,212,0,776,38,2,340,19,94,307
21-May-20,Recovered,3131,0,41,0,6,0,42,0,0,0,375,0,269,33,5,6,7,15,8,0,0,110,1408,0,0,0,0,50,0,25,81,0,400,23,32,138,0,57,0
21-May-20,Deceased,148,0,1,0,0,0,0,0,0,0,18,0,24,0,0,2,0,0,0,0,0,4,64,0,0,0,0,1,0,1,4,0,7,5,0,11,0,6,0
22-May-20,Confirmed,6536,0,62,0,15,179,1,44,0,0,660,2,363,37,16,40,20,138,42,2,0,189,2940,1,0,0,0,86,3,1,267,0,786,62,0,220,8,135,217
22-May-20,Recovered,3280,0,26,0,0,58,0,3,0,0,330,9,392,25,0,36,0,26,2,0,0,245,857,0,0,0,0,43,0,28,195,0,846,7,4,120,0,28,0
22-May-20,Deceased,142,0,1,0,0,2,0,0,0,0,14,0,29,2,0,0,0,0,1,0,0,1,63,0,0,0,0,0,0,0,2,0,4,3,0,14,0,6,0
23-May-20,Confirmed,6663,0,47,0,121,228,6,42,1,0,591,1,396,64,17,80,27,216,62,3,0,201,2608,3,0,0,0,80,0,16,248,1,759,52,16,282,91,127,279
23-May-20,Recovered,2576,0,48,0,2,24,1,2,0,0,370,0,289,44,2,54,5,11,3,0,0,178,821,0,0,0,0,61,0,23,106,0,363,25,0,82,2,60,0
23-May-20,Deceased,142,0,1,0,0,0,0,0,0,0,23,0,27,0,0,1,0,1,0,0,0,9,60,0,0,0,0,0,0,0,7,0,5,1,0,3,0,4,0
24-May-20,Confirmed,7111,0,66,1,46,180,37,38,0,0,508,11,394,53,18,52,20,130,53,3,0,294,3041,3,0,0,0,67,15,15,286,0,765,41,3,251,73,208,439
24-May-20,Recovered,3285,0,62,0,1,49,0,0,0,0,273,0,243,15,2,35,7,46,5,0,0,141,1196,2,0,0,0,53,2,28,62,0,833,24,13,132,3,58,0
24-May-20,Deceased,156,0,0,0,0,0,1,0,0,0,30,0,29,0,0,0,1,0,1,0,0,9,58,0,0,0,0,0,0,1,3,0,8,4,0,6,2,3,0
25-May-20,Confirmed,6414,0,106,0,156,163,4,40,0,0,635,1,405,29,20,47,35,93,49,1,0,194,2436,4,1,0,3,102,8,21,272,0,805,66,4,229,32,149,304
25-May-20,Recovered,3012,0,51,0,5,31,8,3,0,0,231,3,224,37,4,0,0,51,12,0,0,163,1186,0,0,0,0,99,5,15,208,0,407,72,0,122,0,75,0
25-May-20,Deceased,150,0,0,0,0,2,0,0,0,0,15,0,30,0,0,2,0,2,0,0,0,10,60,0,0,0,0,0,0,0,4,0,7,3,0,8,1,6,0
26-May-20,Confirmed,5907,0,97,0,134,231,12,68,0,0,412,0,361,92,24,91,21,101,67,0,0,165,2091,3,5,0,1,79,0,25,236,0,646,112,34,227,51,193,328
26-May-20,Recovered,3585,0,125,0,0,67,0,12,0,0,183,9,501,22,0,24,5,59,10,0,0,118,1168,0,0,0,0,84,0,5,220,0,611,120,0,164,6,72,0
26-May-20,Deceased,173,0,1,0,0,1,0,0,0,0,12,0,27,0,0,1,0,0,1,0,0,5,97,0,0,0,0,0,0,0,3,0,11,1,0,8,0,5,0
27-May-20,Confirmed,7246,0,134,0,101,68,1,4,0,0,792,1,376,76,26,162,7,135,40,1,0,237,2190,5,0,0,5,76,0,33,280,0,817,107,10,267,69,183,1043
27-May-20,Recovered,3434,0,48,0,25,118,0,4,0,0,310,9,410,14,3,21,0,17,10,0,0,238,964,0,0,0,0,79,0,0,286,0,567,37,0,167,15,92,0
27-May-20,Deceased,188,0,1,0,0,1,0,0,0,0,15,0,23,2,2,2,0,3,0,0,0,8,105,0,0,0,0,0,0,0,3,0,6,6,0,5,0,6,0
28-May-20,Confirmed,7254,0,128,1,97,149,10,34,0,0,1024,1,367,123,8,115,6,115,85,20,0,192,2598,11,1,0,9,67,4,19,251,0,827,117,2,179,31,344,319
28-May-20,Recovered,3171,0,68,0,16,132,2,0,0,0,231,1,454,43,7,5,0,53,3,0,0,123,698,0,0,0,0,75,0,28,253,0,639,24,2,224,0,90,0
28-May-20,Deceased,176,0,1,0,0,0,0,0,0,0,13,0,22,1,0,1,0,0,1,0,0,8,85,0,0,0,0,0,0,0,7,0,12,4,0,15,0,6,0
29-May-20,Confirmed,8138,0,85,0,177,174,0,17,0,0,1105,0,372,217,14,128,82,248,62,0,0,192,2682,4,6,0,7,63,4,39,298,0,874,169,10,275,216,277,341
29-May-20,Recovered,11735,0,101,0,22,159,0,17,0,0,351,3,608,59,10,16,63,60,10,0,0,219,8381,2,0,0,0,90,6,3,429,0,765,36,0,195,23,107,0
29-May-20,Deceased,269,0,1,0,0,0,0,1,0,0,82,0,20,0,0,1,1,1,1,0,0,13,116,0,0,0,0,2,0,2,4,0,9,4,0,4,0,7,0
30-May-20,Confirmed,8364,0,131,1,159,206,0,32,0,0,1163,1,412,202,18,177,73,141,58,3,0,246,2940,1,0,0,11,96,0,36,252,0,938,74,17,256,33,317,370
30-May-20,Recovered,4303,0,55,0,38,102,10,2,0,0,229,1,621,31,24,33,40,103,10,0,0,175,1084,0,0,0,0,73,0,18,495,0,687,31,5,241,0,195,0
30-May-20,Deceased,205,0,0,0,0,6,0,0,0,0,18,0,27,1,0,0,0,1,1,0,0,9,99,0,0,0,0,0,0,2,9,0,6,6,0,12,1,7,0
31-May-20,Confirmed,8789,0,110,0,123,242,4,51,0,0,1295,1,438,168,18,105,41,299,61,0,0,198,2487,11,0,0,7,129,13,30,214,0,1149,199,45,374,158,371,448
31-May-20,Recovered,4928,0,51,0,22,209,0,12,0,0,403,2,689,77,9,19,0,221,15,4,0,398,1248,5,0,0,0,76,2,20,293,0,757,16,1,192,0,187,0
31-May-20,Deceased,222,0,2,0,0,2,0,0,0,0,57,0,31,0,0,0,0,2,0,0,0,7,89,0,0,0,0,0,0,1,1,0,13,5,0,4,0,8,0
01-Jun-20,Confirmed,7723,0,105,18,146,138,4,49,1,0,990,2,423,265,9,155,26,187,57,0,0,194,2358,12,1,0,0,156,9,38,269,0,1162,94,107,286,52,271,139
01-Jun-20,Recovered,3882,0,34,0,99,221,15,7,0,0,268,6,861,7,2,19,40,100,18,0,0,161,779,0,0,0,0,119,0,13,181,0,413,63,0,187,120,149,0
01-Jun-20,Deceased,201,0,2,0,0,0,0,0,0,0,50,0,25,1,0,3,0,1,1,0,0,8,76,0,0,0,0,0,0,-1,5,0,11,6,0,5,0,8,0
02-Jun-20,Confirmed,8812,0,115,2,74,151,4,15,0,0,1298,6,415,296,5,117,61,388,86,4,0,137,2287,6,2,12,6,141,0,41,273,0,1091,99,48,368,84,396,784
02-Jun-20,Recovered,4531,0,40,0,53,62,0,9,0,0,497,7,1114,14,18,7,0,75,19,0,0,218,1225,3,0,0,0,80,0,17,222,0,536,35,0,146,30,104,0
02-Jun-20,Deceased,222,0,0,0,0,1,1,1,0,0,33,0,29,2,0,2,0,0,1,1,0,6,103,0,0,0,0,0,0,2,4,0,13,4,0,7,2,10,0
03-Jun-20,Confirmed,9689,0,180,10,271,230,0,64,8,0,1513,47,485,302,14,139,42,267,82,9,0,168,2560,19,3,1,9,143,11,34,279,1,1286,129,151,141,42,340,709
03-Jun-20,Recovered,3789,0,50,0,76,222,0,40,0,0,299,0,318,20,10,54,1,111,24,1,0,224,996,24,1,0,0,91,8,12,309,0,610,30,0,81,7,170,0
03-Jun-20,Deceased,259,0,4,0,0,1,0,0,0,0,59,0,30,0,0,1,0,1,0,0,0,7,122,0,0,0,0,0,0,1,6,0,8,7,0,1,1,10,0
04-Jun-20,Confirmed,9847,0,141,5,285,126,1,147,3,0,1359,40,492,327,24,285,63,257,94,4,0,174,2933,16,0,3,22,90,9,39,210,0,1384,127,24,367,68,368,360
04-Jun-20,Recovered,4390,0,65,0,46,95,8,36,0,0,356,0,455,34,29,41,69,106,39,0,0,192,1352,0,0,0,0,65,4,14,360,0,585,31,0,182,38,188,0
04-Jun-20,Deceased,274,0,3,0,0,3,0,0,0,0,44,0,33,1,0,1,1,4,3,0,0,6,123,0,0,0,0,0,0,0,4,0,15,6,0,15,2,10,0
05-Jun-20,Confirmed,9472,0,138,4,128,146,7,90,0,0,1330,30,510,316,10,182,95,515,111,3,0,234,2436,8,0,7,27,130,5,46,222,1,1438,143,48,496,62,427,127
05-Jun-20,Recovered,4770,0,36,0,50,113,51,25,0,0,417,8,344,86,10,38,69,83,22,0,0,241,1466,0,0,0,0,123,6,26,255,0,861,40,0,209,47,144,0
05-Jun-20,Deceased,286,0,2,0,0,1,0,0,0,0,49,0,35,0,0,1,1,0,0,0,0,7,139,0,0,0,0,1,0,1,5,0,12,8,0,12,1,11,0
06-Jun-20,Confirmed,10408,0,210,2,230,233,3,60,5,0,1320,71,498,355,7,143,106,378,108,2,0,232,2739,25,0,0,0,173,3,54,253,4,1458,206,55,370,88,435,582
06-Jun-20,Recovered,5433,0,75,0,79,65,0,28,0,0,349,0,313,71,5,40,38,280,50,2,0,230,2243,14,0,0,8,112,5,23,142,0,633,83,0,260,78,207,0
06-Jun-20,Deceased,297,0,0,0,0,0,0,2,0,0,53,0,29,0,0,3,0,2,1,0,0,15,120,0,0,0,0,0,0,2,13,0,19,10,0,11,0,17,0
07-Jun-20,Confirmed,10882,0,199,3,208,239,2,150,1,0,1282,33,480,496,11,620,75,239,107,4,0,173,3007,15,3,10,9,75,12,93,262,0,1515,154,53,433,52,449,418
07-Jun-20,Recovered,5191,0,29,0,48,107,1,7,1,0,335,0,319,194,28,90,17,159,41,0,0,223,1924,0,0,0,0,178,1,14,253,0,604,32,19,277,106,184,0
07-Jun-20,Deceased,261,0,2,0,0,1,0,0,0,0,51,0,30,4,0,2,0,2,0,0,0,13,91,0,0,0,0,1,0,1,9,0,18,14,0,7,2,13,0
08-Jun-20,Confirmed,8536,0,154,6,154,177,6,124,2,0,1007,30,477,406,10,198,187,308,91,0,0,237,2554,100,3,8,6,138,9,55,277,0,1562,92,38,411,56,426,-773
08-Jun-20,Recovered,5171,0,42,0,148,137,11,69,0,0,358,2,321,226,5,108,29,309,11,0,0,205,1661,6,0,0,0,99,4,22,363,0,528,0,0,159,186,162,0
08-Jun-20,Deceased,271,0,0,0,0,1,0,0,0,0,62,0,31,11,0,4,0,3,1,0,0,2,109,0,0,0,0,0,0,2,6,0,17,5,0,8,0,9,0
09-Jun-20,Confirmed,9981,1,69,0,215,208,6,14,2,0,1366,29,470,355,16,61,126,161,91,5,0,211,2258,32,4,46,5,146,4,56,369,6,1685,178,26,388,126,372,874
09-Jun-20,Recovered,5634,0,48,1,312,228,0,12,0,0,504,0,409,107,14,182,40,164,34,0,0,193,1664,6,0,0,2,140,2,39,211,3,798,0,0,325,41,155,0
09-Jun-20,Deceased,272,0,2,0,1,2,0,1,0,0,31,0,33,6,0,3,1,2,0,0,0,6,120,0,0,0,0,0,0,2,9,0,18,6,1,18,0,10,0
10-Jun-20,Confirmed,11156,1,365,4,235,243,2,51,5,0,1501,28,510,370,14,161,135,120,65,7,0,200,3254,7,1,5,1,110,12,86,355,0,1927,191,31,275,25,343,516
10-Jun-20,Recovered,6275,0,110,2,152,164,4,4,0,0,384,0,370,381,13,165,33,257,57,0,0,163,1877,0,0,0,12,149,5,65,241,0,1008,75,47,302,76,159,0
10-Jun-20,Deceased,358,0,1,0,1,1,0,1,0,0,79,0,34,7,1,3,0,3,1,0,0,7,149,0,0,0,0,0,0,0,4,0,19,8,0,20,2,17,0
11-Jun-20,Confirmed,11135,3,182,6,145,250,4,136,1,0,1877,30,513,389,19,67,48,204,83,20,0,192,3607,55,0,9,2,136,13,82,238,0,1875,209,25,478,93,440,-296
11-Jun-20,Recovered,6044,0,99,0,184,152,4,70,0,0,486,0,366,73,26,149,38,114,62,4,0,150,1562,9,5,0,7,72,7,27,206,0,1372,176,39,321,55,209,0
11-Jun-20,Deceased,394,0,2,0,0,0,0,0,0,0,101,0,38,12,0,1,0,3,1,0,0,4,152,0,0,0,0,1,2,4,6,0,23,9,0,24,1,10,0
12-Jun-20,Confirmed,11306,0,207,19,263,148,13,47,0,0,2137,46,495,366,16,156,57,271,78,104,0,202,3493,19,0,2,26,112,6,99,230,50,1982,164,41,528,69,476,-616
12-Jun-20,Recovered,7263,0,123,0,152,230,2,123,0,0,667,2,392,214,17,266,55,464,32,4,0,159,1718,0,4,0,28,120,9,23,236,0,1342,285,0,317,61,218,0
12-Jun-20,Deceased,388,0,0,0,2,1,0,0,0,0,129,0,31,6,0,1,0,7,1,0,0,9,127,0,0,0,0,1,1,4,7,0,18,9,0,20,5,9,0
13-Jun-20,Confirmed,12039,0,222,5,207,193,5,105,5,0,2134,60,517,415,16,148,55,308,85,198,0,198,3427,64,0,6,7,225,13,77,333,0,1989,253,83,502,61,454,-331
13-Jun-20,Recovered,8092,0,94,2,221,370,0,87,0,0,1547,1,390,328,16,183,131,208,46,10,0,176,1550,0,1,0,27,120,6,45,326,2,1362,74,37,266,130,336,0
13-Jun-20,Deceased,309,0,2,0,0,0,0,0,0,0,57,0,33,8,0,2,0,3,0,0,0,7,113,0,0,0,0,0,0,2,10,0,30,8,0,20,2,12,0
14-Jun-20,Confirmed,11405,2,294,3,218,186,2,121,4,0,2224,41,511,459,16,163,52,176,54,112,0,161,3390,9,0,2,10,186,18,77,293,5,1974,237,33,497,34,389,-548
14-Jun-20,Recovered,7358,0,131,1,155,289,0,88,0,0,878,4,442,200,17,120,89,312,56,12,0,300,1632,18,3,0,4,114,9,29,229,0,1138,25,118,393,34,518,0
14-Jun-20,Deceased,324,0,2,0,0,1,0,3,0,0,56,0,29,10,0,4,0,5,0,0,0,12,120,0,0,0,0,1,1,2,10,0,38,3,0,14,1,12,0
15-Jun-20,Confirmed,10032,1,304,4,191,187,5,44,0,0,1647,28,514,514,38,179,30,213,82,6,0,133,2786,32,0,5,4,146,8,127,287,0,1843,219,10,476,26,407,-464
15-Jun-20,Recovered,10639,0,69,0,245,251,6,124,0,0,604,11,339,562,16,215,95,174,73,2,0,226,5071,60,0,0,0,146,4,87,219,0,797,389,0,342,78,434,0
15-Jun-20,Deceased,396,0,2,0,0,2,1,0,0,0,73,0,28,12,0,3,1,2,1,0,0,6,178,0,0,0,0,0,0,4,9,0,44,2,0,18,0,10,0
16-Jun-20,Confirmed,11086,3,264,4,201,148,8,69,15,0,1859,37,524,550,4,78,46,317,79,94,0,148,2701,10,0,4,2,108,14,104,235,0,1515,213,1,507,97,415,712
16-Jun-20,Recovered,7226,0,128,0,206,345,1,91,7,0,73,0,418,183,19,177,121,322,60,3,0,249,1802,8,2,0,15,120,4,18,177,0,1438,261,123,294,27,534,0
16-Jun-20,Deceased,2004,0,2,0,0,1,0,0,0,0,437,0,28,18,0,1,0,7,0,0,0,11,1409,0,0,0,0,0,0,1,7,0,49,4,0,18,1,10,0
17-Jun-20,Confirmed,13108,0,351,4,184,130,5,80,5,0,2414,27,520,560,25,108,57,204,75,38,0,161,3307,52,-1,0,14,175,29,126,326,2,2174,269,43,583,81,391,589
17-Jun-20,Recovered,6890,0,128,3,231,205,4,165,3,0,957,11,348,204,7,133,30,348,90,7,0,236,1315,33,3,0,0,73,10,77,505,0,842,44,0,335,38,505,0
17-Jun-20,Deceased,341,0,2,0,0,0,0,0,0,0,67,0,27,12,0,1,1,8,0,0,0,6,114,0,0,0,0,0,1,6,5,0,48,1,0,30,1,11,0
18-Jun-20,Confirmed,13829,1,425,0,209,100,4,82,4,0,2877,49,510,386,10,149,23,210,97,0,0,182,3752,54,0,9,0,174,26,118,315,0,2141,352,21,604,80,435,430
18-Jun-20,Recovered,10741,2,131,1,206,185,0,103,2,0,3884,13,389,604,5,230,47,176,89,3,0,244,1672,7,1,0,6,97,7,32,275,1,1017,230,83,399,132,468,0
18-Jun-20,Deceased,343,0,2,0,1,5,0,0,0,0,65,0,31,4,0,7,1,12,1,0,0,4,100,0,0,0,0,0,1,5,17,0,49,3,0,23,0,12,0
19-Jun-20,Confirmed,14638,2,465,32,0,250,7,72,14,0,3137,20,540,525,32,125,42,337,118,57,0,156,3827,75,0,0,5,165,16,217,299,0,2115,499,27,809,74,355,224
19-Jun-20,Recovered,9029,0,133,3,218,137,9,103,0,0,2228,9,340,333,12,50,137,230,96,0,0,116,1935,19,0,8,16,153,2,66,255,16,1630,51,18,357,47,302,0
19-Jun-20,Deceased,364,0,4,0,0,5,0,1,0,0,66,0,27,10,0,4,0,9,0,0,0,9,142,0,0,0,0,0,1,9,3,0,41,3,0,19,0,11,0
20-Jun-20,Confirmed,15918,0,491,0,249,213,23,116,17,0,3630,29,539,480,29,154,63,416,127,92,0,142,3874,96,0,10,3,179,51,120,381,0,2396,546,8,541,124,441,338
20-Jun-20,Recovered,13974,0,206,1,136,269,1,63,12,0,7725,11,535,239,20,142,69,183,57,22,0,132,1380,14,0,0,13,237,13,42,277,0,1045,154,23,374,17,562,0
20-Jun-20,Deceased,308,0,5,0,0,0,0,1,0,0,77,0,20,5,0,6,0,9,0,0,0,6,91,0,0,0,0,1,0,6,4,0,38,5,0,22,1,11,0
21-Jun-20,Confirmed,15151,1,477,4,332,162,2,121,5,0,3000,64,580,412,17,122,74,453,133,1,0,179,3870,64,0,1,10,304,28,122,393,8,2532,730,35,596,43,414,-138
21-Jun-20,Recovered,9075,2,196,6,202,264,0,53,1,0,1719,6,655,429,12,46,2,226,93,17,0,135,1591,18,5,0,3,186,9,22,323,4,1438,225,79,626,50,432,0
21-Jun-20,Deceased,426,0,5,0,0,2,0,0,0,0,63,0,25,11,0,1,0,5,0,0,0,14,186,0,0,0,0,4,1,1,12,0,53,7,0,21,0,15,0
22-Jun-20,Confirmed,13560,0,443,9,267,228,5,47,15,0,2909,46,563,390,54,132,42,249,138,10,0,175,3721,57,2,1,69,143,17,161,302,0,2710,872,16,591,58,413,-1295
22-Jun-20,Recovered,10879,0,128,1,161,136,6,66,0,0,3589,17,560,359,12,149,63,111,88,2,0,200,1962,0,0,3,0,143,9,125,313,4,1358,274,23,606,21,390,0
22-Jun-20,Deceased,312,0,5,0,0,1,0,1,0,0,58,1,21,9,0,3,0,5,0,0,0,6,113,0,0,0,0,2,0,2,7,0,37,7,0,19,1,14,0
23-Jun-20,Confirmed,15656,2,462,10,203,157,7,83,9,0,3947,45,549,495,48,148,53,322,141,85,0,183,3214,23,1,0,50,167,19,162,395,1,2516,879,23,571,133,370,183
23-Jun-20,Recovered,10462,3,157,16,197,260,0,40,0,0,2711,53,604,582,3,111,51,274,60,12,0,120,1925,8,4,7,0,125,16,222,303,0,1227,219,25,515,81,531,0
23-Jun-20,Deceased,468,0,8,0,0,2,0,0,0,0,68,1,26,9,0,2,0,8,1,0,0,4,248,0,0,0,0,3,1,4,9,0,39,3,0,19,2,11,0
24-Jun-20,Confirmed,16868,6,497,2,226,223,2,34,13,0,3788,42,572,490,31,186,26,397,152,0,0,187,3889,49,0,3,17,282,59,230,382,4,2865,891,0,664,88,445,126
24-Jun-20,Recovered,13089,1,187,0,196,79,0,74,3,0,2124,84,575,427,34,176,55,149,81,126,0,138,4161,70,0,5,7,135,11,52,398,10,2424,137,97,470,119,484,0
24-Jun-20,Deceased,424,0,10,1,0,1,0,0,0,0,64,0,25,10,0,1,1,14,0,0,0,9,208,0,0,0,0,0,0,8,10,0,33,5,0,8,5,11,0
25-Jun-20,Confirmed,18205,2,553,12,364,215,3,37,20,0,3390,44,577,453,33,127,44,442,123,9,0,147,4842,86,0,0,8,210,41,142,287,2,3509,920,32,636,68,475,352
25-Jun-20,Recovered,13983,0,209,4,75,374,7,128,8,0,3328,46,410,455,8,149,30,519,53,84,0,146,3661,26,1,6,12,168,11,93,229,0,2236,327,122,533,37,488,0
25-Jun-20,Deceased,401,0,7,0,0,1,0,0,0,0,64,0,18,10,1,2,0,6,0,0,0,8,192,0,0,0,0,0,0,7,4,0,45,5,0,15,1,15,0
26-Jun-20,Confirmed,18256,14,605,2,273,190,2,89,15,0,3460,44,580,421,25,213,31,445,150,5,0,203,5024,19,2,2,16,218,32,188,364,2,3645,985,36,750,34,542,-370
26-Jun-20,Recovered,10246,2,208,7,214,189,6,156,12,0,2326,35,532,636,20,113,42,246,65,109,0,185,2362,39,0,17,2,131,16,9,222,0,1358,78,36,464,64,345,0
26-Jun-20,Deceased,381,0,10,0,0,0,0,1,0,0,63,0,18,13,0,1,0,10,0,0,0,4,175,0,0,0,0,0,0,2,1,0,46,7,0,19,1,10,0